# Example sentences written for this pack (text<TAB>English), for words whose
# corpus sentences are missing, too few or dropped. Standard Swahili, 4-9 words,
# built from pack words. They join sentence choice only (never frequency or
# glosses) and ship with "src": "gen". Machine-written, reviewed, not native-reviewed.
Tutasafiri kwenda Mombasa mwezi Mei.	We will travel to Mombasa in May.
Shule itafunguliwa tena mwezi Mei.	School will open again in May.
Mvua nyingi hunyesha mwezi Oktoba.	A lot of rain falls in October.
Mtoto wangu alizaliwa mwezi Februari.	My child was born in February.
Tulifunga ndoa mwezi Novemba.	We got married in November.
Wanafunzi hupumzika mwezi Desemba.	Students rest in December.
Nitarudi nyumbani mwezi Agosti.	I will return home in August.
Mkutano utafanyika siku ya Alhamisi.	The meeting will take place on Thursday.
Soko hufunguliwa kila Jumatano.	The market opens every Wednesday.
Tutaonana tena Jumatano asubuhi.	We will see each other again on Wednesday morning.
Darasa letu lina wanafunzi thelathini.	Our class has thirty students.
Babu yangu ana miaka themanini.	My grandfather is eighty years old.
Kitabu hiki kina kurasa themanini.	This book has eighty pages.
Mama yangu ana miaka sitini.	My mother is sixty years old.
Watu sabini walikuja kwenye mkutano.	Seventy people came to the meeting.
Bibi yangu ana miaka sabini.	My grandmother is seventy years old.
Mzee huyu ana miaka tisini.	This old man is ninety years old.
Tulisafiri kilomita tisini jana.	We travelled ninety kilometres yesterday.
Ninapenda kula embe tamu.	I like to eat a sweet mango.
Tunakula wali na samaki leo.	We are eating rice and fish today.
Watoto wanaoga kabla ya kulala.	The children bathe before sleeping.
Hodi! Naweza kuingia ndani?	Knock knock! May I come inside?
Mgeni alisema hodi mlangoni.	The guest called out at the door to come in.
Mama anapika ugali kwa chakula cha jioni.	Mother is cooking ugali for dinner.
Tunakula ugali na mboga.	We eat ugali with vegetables.
Shikamoo, bibi! Marahaba, mjukuu wangu.	Greetings, grandmother! Greetings to you, my grandchild.
Mtoto alisema shikamoo kwa babu yake.	The child greeted his grandfather respectfully.
Babu alijibu marahaba kwa furaha.	Grandfather replied to the greeting with joy.
Hujambo, rafiki? Sijambo, asante.	How are you, friend? I am fine, thank you.
Mwalimu aliuliza hujambo, nami nikasema sijambo.	The teacher asked how I was, and I said I was fine.
Rais alitoa kauli kuhusu elimu.	The president gave a statement about education.
Ninasoma jarida kila wiki.	I read a magazine every week.
Serikali ilizindua mradi mpya jana.	The government launched a new project yesterday.
Mpinzani wake alishindwa katika uchaguzi.	His opponent lost in the election.
Nchi ilipata dola bilioni moja.	The country received one billion dollars.
Msanii huyu anapenda kubuni nguo.	This artist likes to design clothes.
Asasi hii inasaidia watoto yatima.	This organisation helps orphans.
Matamshi yako ni mazuri sana.	Your pronunciation is very good.
Barua hii haisomeki vizuri.	This letter is not easy to read.
Polisi walikamata kundi la kigaidi jana.	The police arrested a terrorist group yesterday.
Enzi hizo hakukuwa na simu.	In those days there were no phones.
Wanafunzi wanaeneza habari hizi shuleni kwao.	The students are spreading this news at their school.
Mwalimu alitoa idhini ya kutoka.	The teacher gave permission to leave.
Uzalishaji wa chakula umeongezeka mwaka huu.	Food production has increased this year.
Safari ilichukua takriban saa tatu.	The journey took about three hours.
Vijana wengi wanapenda kucheza kandanda jioni.	Many young people like to play football in the evening.
Kipengele hiki ni muhimu sana.	This point is very important.
Mzee huyu alitunga hadithi nzuri sana.	This old man composed a very good story.
Uhamiaji ni suala kubwa leo.	Immigration is a big issue today.
Mafuriko ni tishio kwa wakulima.	Floods are a threat to farmers.
Tulihudhuria adhimisho la siku ya uhuru.	We attended the celebration of independence day.
Bunge lilijadili mswada mpya.	Parliament discussed a new bill.
Vuguvugu la vijana lilianza mwaka jana.	The youth movement started last year.
Wanafunzi walifanya mdahalo kuhusu elimu.	The students held a debate about education.
Usimwache mtoto mdogo atembee uchi nje.	Do not let a little child walk outside naked.
Tulipanda hadi kilele cha mlima.	We climbed up to the peak of the mountain.
Mtangazaji alisoma habari za asubuhi redioni.	The announcer read the morning news on the radio.
Kila kiumbe hai kinahitaji maji na chakula.	Every living creature needs water and food.
Mfuatiliaji wa uchaguzi alifika jana.	The election observer arrived yesterday.
Mmea huu unahitaji maji mengi.	This plant needs a lot of water.
Dada yangu atahitimu mwaka huu.	My sister will graduate this year.
Sisi tunatazama soka kila Jumamosi jioni.	We watch football every Saturday evening.
Mtoto anajifunza kutamka maneno mapya.	The child is learning to pronounce new words.
Mgonjwa bado ni dhaifu sana.	The patient is still very weak.
Kaka yangu anasoma uanahabari katika chuo kikuu.	My brother studies journalism at university.
Ukosoaji wake ulikuwa wa haki.	His criticism was fair.
Alipata cheti baada ya mtihani.	He got a certificate after the exam.
Utalii unaleta pesa nyingi katika nchi yetu.	Tourism brings a lot of money into our country.
Gazeti moja lilimkashifu waziri wiki iliyopita.	A newspaper slandered the minister last week.
Kikao cha bunge kitaanza kesho.	The parliamentary session will start tomorrow.
Mama yangu yuko radhi nami.	My mother is pleased with me.
Utetezi wa haki ni kazi yake.	The defence of rights is his work.
Hakuna lawama kwa mtoto katika jambo hili.	There is no blame on the child in this matter.
Daktari alipima joto la mtoto.	The doctor measured the child's temperature.
Jumuia ya wanafunzi ilikutana leo.	The student association met today.
Upepo uling'oa mti mkubwa.	The wind uprooted a big tree.
Mjumbe alileta barua kutoka kwa mfalme.	The messenger brought a letter from the king.
Watu walipinga ukandamizaji wa serikali.	The people opposed government oppression.
Maneno haya yanahitaji muktadha ili yaeleweke.	These words need context to be understood.
Mbwa wetu wa kike ana watoto.	Our female dog has puppies.
Mwanamuziki huyu sasa anafundisha watoto kusoma.	This musician now teaches children to read.
Mwito wa mama ulisikika mbali.	Mother's call was heard far away.
Mama alimkumbatia mtoto wake kwa furaha kubwa.	Mother hugged her child with great joy.
Wafanyakazi wanapakia mizigo kwenye gari sasa.	The workers are loading luggage into the car now.
Wingi wa watu sokoni ulitushangaza sana.	The number of people at the market surprised us a lot.
Mwenyekiti alifungua mkutano saa tatu asubuhi.	The chairperson opened the meeting at nine in the morning.
Alihudumu jeshini kwa miaka kumi.	He served in the army for ten years.
Idhaa hii inatangaza habari kila saa.	This channel broadcasts news every hour.
Jeshi lilitwaa mji mzima baada ya siku tatu.	The army took the whole town after three days.
Familia yetu inaishi katika kitongoji kidogo.	Our family lives in a small neighbourhood.
Uwajibikaji ni muhimu kwa viongozi.	Accountability is important for leaders.
Kongamano la vijana litafanyika Jumamosi.	The youth conference will take place on Saturday.
Hakuna nafasi ya kuwapo kwa wote.	There is no room for everyone to be present.
Ulemavu si kikwazo kwa kazi.	Disability is not an obstacle to work.
Alirithi nyumba kutoka kwa baba yake.	He inherited a house from his father.
Uendeshaji wa kampuni ni mgumu.	Running the company is difficult.
Endapo mvua itanyesha, tutakaa nyumbani.	If it rains, we will stay at home.
Kanisa hili ni kongwe sana.	This church is very old.
Bunge lilihalalisha sheria mpya mwaka jana.	Parliament legalised the new law last year.
Mzungumzaji wa kwanza alikuwa mwalimu.	The first speaker was a teacher.
Maradhi haya yanaenea haraka katika vijiji.	This disease is spreading quickly in the villages.
Nilisoma wasifu wa rais wa kwanza.	I read the biography of the first president.
Mwalimu alinunua kibao cha kuandikia darasani.	The teacher bought a board for writing on in class.
Watoto hupenda kuiga wazazi wao.	Children like to copy their parents.
Hii ni siku mahususi kwetu.	This is a special day for us.
Wakulima watanufaika na mradi huu.	Farmers will benefit from this project.
Tunachuja maji kabla ya kunywa.	We filter the water before drinking.
Mwigizaji huyu anajulikana sana.	This actor is very well known.
Uchimbaji wa dhahabu ni kazi ngumu.	Gold mining is hard work.
Mshairi alisoma shairi lake jipya jana.	The poet read his new poem yesterday.
Rubani aliendesha ndege vizuri hadi Nairobi.	The pilot flew the plane well to Nairobi.
Andiko hili ni la zamani.	This text is old.
Wanafunzi wanakusanya data kuhusu hali ya hewa.	The students are collecting data about the weather.
Muundombinu wa barabara ni mbovu.	The road infrastructure is poor.
Usimamizi wa shule ni mzuri.	The school's management is good.
Uanaharakati wake ulimpeleka gerezani kwa miaka miwili.	Her activism sent her to prison for two years.
Nchi nyingi zilipigana dhidi ya ukoloni.	Many countries fought against colonialism.
Kazi ya uokoaji ilianza mapema.	The rescue work started early.
Babu yangu ni mstaafu sasa.	My grandfather is retired now.
Uvunjifu wa sheria ni kosa.	Breaking the law is an offence.
Hii ni jadi ya watu wetu.	This is the tradition of our people.
Nauli ya basi imepanda tena mwezi huu.	The bus fare has gone up again this month.
Ugomvi wao ulianza jana jioni sokoni.	Their quarrel started yesterday evening at the market.
Wafanyakazi walipata nyongeza ya mshahara.	The workers got a pay rise.
Wanafunzi walifanya igizo zuri shuleni jana.	The students put on a good play at school yesterday.
Mtoto aliitika haraka mama alipomwita.	The child answered quickly when his mother called him.
Mpiganaji huyu alishinda mechi yake ya kwanza.	This fighter won his first match.
Kila mdau alitoa maoni yake.	Every stakeholder gave his opinion.
Redio hii inasikika masafa marefu.	This radio can be heard over long distances.
Mkulima alipanda mbegu za mahindi shambani.	The farmer planted maize seeds in the field.
Ratiba ya treni imebadilika tangu jana.	The train timetable has changed since yesterday.
Mji huu ni kitovu cha biashara.	This town is a centre of trade.
Mfasiri alitafsiri kitabu hiki kwa Kiingereza.	The translator translated this book into English.
Polisi waligundua njama yao kabla ya mkutano.	The police discovered their plot before the meeting.
Rais alimtunuku mwalimu bora zawadi kubwa.	The president awarded the best teacher a big prize.
Andika anwani yako hapa.	Write your address here.
Aidha, tunahitaji maji na chakula zaidi.	Furthermore, we need more water and food.
Jeshi lilirusha kombora baharini jana asubuhi.	The army fired a missile into the sea yesterday morning.
Msanii huyu ni mbunifu sana.	This artist is very creative.
Tulisikia kishindo kikubwa nje usiku wa jana.	We heard a loud bang outside last night.
Mtambo huu hutengeneza umeme kwa mji mzima.	This machine produces electricity for the whole town.
Tafadhali nyamaza, mtoto mdogo amelala sasa.	Please be quiet, the little child is asleep now.
Watu wengi wanahangaika kupata kazi.	Many people struggle to find work.
Alicheza mpira kwa ustadi mkubwa.	He played ball with great skill.
Daktari alisema ujauzito wake unaendelea vizuri.	The doctor said her pregnancy is going well.
Timu mbili zitashindana kesho katika uwanja huu.	Two teams will compete tomorrow at this stadium.
Wanafunzi walisoma kwa ari kubwa.	The students studied with great enthusiasm.
Chama kilitoa ilani yake jana.	The party released its manifesto yesterday.
Watoto wanapaswa kutii wazazi wao.	Children should obey their parents.
Mchezo ule ulikuwa kichekesho kitupu.	That game was a complete farce.
Kila mfanyakazi ana bima ya afya hapa.	Every worker has health insurance here.
Sisi sote tunapaswa kudumisha amani nchini.	We all must maintain peace in the country.
Iwapo utachelewa kesho, tafadhali nipigie simu.	If you will be late tomorrow, please call me.
Maongezi yetu yalichukua saa mbili.	Our conversation took two hours.
Wanaume walikata gogo kubwa msituni jana.	The men cut a big log in the forest yesterday.
Tutakutana kesho saa kumi alasiri.	We will meet tomorrow at four in the afternoon.
Walimu wanahimiza wanafunzi kusoma vitabu vingi.	Teachers encourage students to read many books.
Kitabu kina kielelezo cha moyo.	The book has an illustration of the heart.
Kelele hizi ni kero kwangu.	This noise is a nuisance to me.
Shule hii ina nidhamu nzuri.	This school has good discipline.
Watoto walizoa takataka barabarani jana asubuhi.	The children swept up the rubbish on the road yesterday morning.
Weusi wa usiku ule ulitutisha sana.	The blackness of that night frightened us a lot.
Maji yamo ndani ya chupa.	The water is inside the bottle.
Nyumba yangu iko kilomita tano kutoka hapa.	My house is five kilometres from here.
Tulitembea kilomita kumi jana.	We walked ten kilometres yesterday.
Watoto wanapenda kuoga baharini.	The children like to bathe in the sea.
Rafiki yangu anazungumza Kiarabu vizuri.	My friend speaks Arabic well.
Kwa wastani, tunapata mvua kila wiki.	On average, we get rain every week.
Alama zake ni za wastani.	His marks are average.
Kulewa ni hatari kwa afya na kwa familia.	Getting drunk is dangerous for health and for the family.
Baraza la mji lilikutana leo.	The town council met today.
Tajiri huyo ana magari mengi.	That rich man has many cars.
Tembo ni mnyama mkubwa sana.	The elephant is a very big animal.
Dada yangu anajifunza Kireno na Kihispania.	My sister is learning Portuguese and Spanish.
Kesi yake iko kwenye rufaa.	His case is on appeal.
Watu wengi wanasema Kichina ni lugha ngumu.	Many people say Chinese is a difficult language.
Ng'ombe wetu atazaa mwezi ujao.	Our cow will give birth next month.
Gari letu lilikwama barabarani kwa saa mbili.	Our car was stuck on the road for two hours.
Jangwa hili lina joto kali.	This desert is very hot.
Mtoto ana homa kali leo.	The child has a high fever today.
Homa yake ilipanda sana wakati wa usiku.	His fever went up a lot during the night.
Kisu hiki kina makali sana, kuwa makini.	This knife is very sharp, be careful.
Shule yetu haina masomo ya dansi.	Our school has no dance lessons.
Hilo ni tusi kubwa kwa familia yake.	That is a big insult to his family.
Mtendaji wa kijiji alifika mapema.	The village executive officer arrived early.
Rais na familia yake wanaishi ikulu.	The president and his family live in the state house.
Gavana alitembelea shule yetu wiki iliyopita.	The governor visited our school last week.
Ndege huyu ana unyoya mweupe.	This bird has a white feather.
Pipa hili limejaa maji ya mvua.	This barrel is full of rain water.
Hili ni suala la kikatiba.	This is a constitutional matter.
Mwanafunzi alimkabidhi mwalimu barua ya mzazi.	The student handed the teacher a letter from a parent.
Ni vigumu kubashiri matokeo ya mchezo huu.	It is hard to predict the result of this game.
Mzee mmoja alibashiri mvua kubwa mwaka huu.	An old man predicted heavy rain this year.
Unyanyasaji wa kingono ni kosa kubwa.	Sexual harassment is a serious offence.
Mafuriko yalileta maafa makubwa katika eneo hili.	The floods brought great disaster to this area.
Serikali inasaidia watu baada ya maafa.	The government helps people after disasters.
Wananchi wengi walisusia uchaguzi wa mwaka huu.	Many citizens boycotted this year's election.
Wanafunzi walisusia chakula cha shule.	The students boycotted the school food.
Tulilala kwenye hema jana usiku.	We slept in a tent last night.
Ninapenda kula tufaha kila asubuhi.	I like to eat an apple every morning.
Tufaha hili ni tamu sana.	This apple is very sweet.
Kampuni ilimsaili kwa kazi mpya.	The company interviewed him for a new job.
Usipotoshe watu kwa habari za uongo.	Do not mislead people with false news.
Gazeti hili linapotosha ukweli kila siku.	This newspaper distorts the truth every day.
Tulichukua teksi kwenda uwanja wa ndege.	We took a taxi to the airport.
Teksi yetu ilifika mapema sana asubuhi.	Our taxi arrived very early in the morning.
Mchungaji alileta ng'ombe nyumbani jioni.	The herdsman brought the cows home in the evening.
Mchungaji wa kanisa letu ni mzee.	The pastor of our church is old.
Hili ni suala nyeti sana.	This is a very sensitive issue.
Habari hizi ni nyeti kwa serikali.	This news is sensitive for the government.
Naibu waziri wa elimu alifika leo.	The deputy minister of education arrived today.
Naibu mkuu wa shule anafundisha hesabu.	The deputy head teacher teaches mathematics.
Tulikuja kwa minajili ya kazi.	We came for the sake of work.
Alisafiri kwa minajili ya elimu.	He travelled for the sake of education.
Samahani sana kwa usumbufu huu wote.	I am very sorry for all this inconvenience.
Kelele hizi zinaleta usumbufu mkubwa.	This noise causes a big disturbance.
Shirikisho la soka lilitoa taarifa.	The football federation issued a statement.
Tafadhali usimtanie mtoto mdogo hivyo.	Please do not tease the little child like that.
Rafiki zangu hupenda kunitania kuhusu nywele zangu.	My friends like to tease me about my hair.
Wanawake walianzisha vuguvugu la kutetea haki zao.	Women started a movement to defend their rights.
Baba alinunua kiatu kipya sokoni.	Father bought a new shoe at the market.
Bei ya chakula hiki ni sitini.	The price of this food is sixty.
Msikiti mkubwa uko katikati ya mji wetu.	The big mosque is in the centre of our town.
Kuna kanisa na msikiti karibu na soko.	There is a church and a mosque near the market.
Mwalimu alisajili wanafunzi wapya jana.	The teacher registered the new students yesterday.
Filamu hii haina mambo ya kimapenzi.	This film has no romantic content.
Mtoto alimpa mama yake busu.	The child gave his mother a kiss.
Pole sana kwa ugonjwa wako.	I am sorry about your illness.
Daktari alinipa ushauri mzuri jana.	The doctor gave me good advice yesterday.
Utendaji wa wafanyakazi umeongezeka mwaka huu.	The workers' performance has increased this year.
Pombe ni marufuku katika dini yetu.	Alcohol is forbidden in our religion.
Ufuatiliaji wa mradi huu ni muhimu sana.	Monitoring this project is very important.
Naomba radhi kwa kuchelewa leo.	I apologise for being late today.
Kazi hii inahitaji umakini mkubwa.	This work needs great care.
Mtoto huyu ni mtulivu sana.	This child is very calm.
Chai ni kinywaji ninachokipenda asubuhi.	Tea is the drink I like in the morning.
Dada yangu ni mjamzito sasa.	My sister is pregnant now.
Mama alinunua unga sokoni jana.	Mother bought flour at the market yesterday.
Nilimwona babu yako juzi.	I saw your grandfather the day before yesterday.
Tutasafiri kwenda Arusha keshokutwa.	We will travel to Arusha the day after tomorrow.
Mkate huu unauzwa shilingi elfu moja.	This bread sells for one thousand shillings.
Mwalimu alisoma dondoo kutoka kitabu hiki.	The teacher read an excerpt from this book.
Watu wote ni sawa bila kujali jinsia.	All people are equal regardless of gender.
Tafadhali onyesha kadi yako ya utambulisho.	Please show your identity card.
Hospitali mpya imejengwa katika wilaya yetu.	A new hospital has been built in our district.
Kamati ya shule itakutana kesho asubuhi.	The school committee will meet tomorrow morning.
Viatu hivi vipya vinanibana sana.	These new shoes are very tight on me.
Tulikaa chini ya kivuli cha mti.	We sat in the shade of the tree.
Walimu watatathmini kazi za wanafunzi.	The teachers will assess the students' work.
Tulitoa rambirambi kwa familia ya jirani.	We offered condolences to the neighbour's family.
Shule itasajili wanafunzi wapya mwezi ujao.	The school will register new students next month.
Tamasha la utamaduni litafanyika mjini kesho.	The culture festival will take place in town tomorrow.
Marehemu babu yetu alikuwa mkulima hodari.	Our late grandfather was a hard-working farmer.
Wavuvi huvua samaki ziwani kila asubuhi.	The fishermen fish in the lake every morning.
Tuliona nyota nyingi mbinguni usiku.	We saw many stars in the sky at night.
Kiwanda hiki kinazalisha sukari kwa wingi.	This factory produces a lot of sugar.
Maiti ilipelekwa hospitalini jana jioni.	The body was taken to the hospital yesterday evening.
Mama alinunua mkoba mpya sokoni.	Mother bought a new bag at the market.
Maua haya yana harufu nzuri sana.	These flowers have a very nice smell.
Kusema uongo ni dhambi kubwa.	Telling lies is a great sin.
